Name,NPWP,Date of Birth
SIT CORPO SCREEN DUA,9178915382765178,05/02/1980
SIT CORPO SCREEN TIGA,6099628154127476,06/07/1996
SIT CORPO SCREEN EMPAT,1361059046327600,08/03/1986
SIT CORPO SCREEN LIMA,7832873946333862,21/04/1980
SIT CORPO SCREEN ENAM,2757560611599189,22/12/1997
SIT CORPO SCREEN TUJUH,7310159261953107,31/05/1992
SIT CORPO SCREEN DELAPAN,7872980060734024,14/10/1991
SIT CORPO SCREEN SEMBILAN,9646270553268188,06/07/1980
SIT CORPO SCREEN SEPULUH,9190156634407877,12/10/1994
SIT CORPO SCREEN SEBELAS,2040465820349475,22/03/1997
SIT CORPO SCREEN DUABELAS,7569171509154812,16/12/1996
SIT CORPO SCREEN TIGABELAS,5660641355189154,26/11/1980
SIT CORPO SCREEN EMPATBELAS,8411116918675851,23/09/1990
SIT CORPO SCREEN LIMABELAS,7141020088345932,03/12/1988
SIT CORPO SCREEN ENAMBELAS,5467613565075909,09/02/1980
SIT CORPO SCREEN TUJUHBELAS,2298272263432533,15/01/1989
SIT CORPO SCREEN DELAPANBELAS,1405328220768931,30/06/1982
SIT CORPO SCREEN SEMBILANBELAS,3629745103479167,27/01/1993
SIT CORPO SCREEN DUAPULUH,5085224906949836,15/07/1986
SIT CORPO SCREEN SATU,5278527464867335,16/08/1994
SIT CORPO SCREEN DUA,8122575674797246,20/08/1994
SIT CORPO SCREEN TIGA,4655479292501631,28/10/1996
SIT CORPO SCREEN EMPAT,0728413813591551,08/07/1985
SIT CORPO SCREEN LIMA,4161711204006753,19/10/1996
SIT CORPO SCREEN ENAM,7942456472129169,28/04/1980
SIT CORPO SCREEN TUJUH,5621905776497009,06/07/1992
SIT CORPO SCREEN DELAPAN,7553086592344594,11/06/1997
SIT CORPO SCREEN SEMBILAN,0088699672553794,16/09/1987
SIT CORPO SCREEN SEPULUH,2796191116859047,29/04/1999
SIT CORPO SCREEN SEBELAS,6875445943786310,03/09/1999
SIT CORPO SCREEN DUABELAS,9247684822151667,22/02/1985
SIT CORPO SCREEN TIGABELAS,2148165811647280,13/06/1982
SIT CORPO SCREEN EMPATBELAS,5740990754160959,06/12/1997
SIT CORPO SCREEN LIMABELAS,5626140541678271,30/12/1979
SIT CORPO SCREEN ENAMBELAS,3364733857512532,13/02/1989
SIT CORPO SCREEN TUJUHBELAS,7256865850444308,19/07/1980
SIT CORPO SCREEN DELAPANBELAS,5132707491163192,23/05/1980
SIT CORPO SCREEN SEMBILANBELAS,8650687227386740,18/09/1998
SIT CORPO SCREEN DUAPULUH,5010436083554602,13/06/1993
SIT CORPO SCREEN SATU,3530820348706514,03/11/1986
SIT CORPO SCREEN DUA,0422953842073979,12/12/1991
SIT CORPO SCREEN TIGA,5737165052620437,12/10/1982
SIT CORPO SCREEN EMPAT,6311281199037443,27/05/1982
SIT CORPO SCREEN LIMA,6955878698831340,02/07/1992
SIT CORPO SCREEN ENAM,3163231983973579,15/05/1983
SIT CORPO SCREEN TUJUH,3667895395886182,15/12/1992
SIT CORPO SCREEN DELAPAN,5129936805605577,20/06/1994
SIT CORPO SCREEN SEMBILAN,8239899501420161,09/10/1982
SIT CORPO SCREEN SEPULUH,5731087238765650,05/01/1992
SIT CORPO SCREEN SEBELAS,6671085081422201,28/07/1984
SIT CORPO SCREEN DUABELAS,6237384522129852,03/01/1981
SIT CORPO SCREEN TIGABELAS,0584504605072597,10/11/1993
SIT CORPO SCREEN EMPATBELAS,8038496352861922,30/07/1986
SIT CORPO SCREEN LIMABELAS,0484293300273046,31/05/1980
SIT CORPO SCREEN ENAMBELAS,5255254707677160,08/09/1980
SIT CORPO SCREEN TUJUHBELAS,1278867570318985,22/12/1996
SIT CORPO SCREEN DELAPANBELAS,1083378247501707,03/11/1989
SIT CORPO SCREEN SEMBILANBELAS,3448372119957440,15/06/1998
SIT CORPO SCREEN DUAPULUH,6008263616598125,18/11/1989
SIT CORPO SCREEN SATU,0763295536474245,20/10/1983
SIT CORPO SCREEN DUA,2807731080341626,09/05/1994
SIT CORPO SCREEN TIGA,7708651423382727,06/06/1988
SIT CORPO SCREEN EMPAT,0882491913358061,26/12/1992
SIT CORPO SCREEN LIMA,0325729351933378,12/07/1995
SIT CORPO SCREEN ENAM,0629519223084184,11/11/1994
SIT CORPO SCREEN TUJUH,6748526966628292,10/04/1999
SIT CORPO SCREEN DELAPAN,3258166511690334,11/07/1986
SIT CORPO SCREEN SEMBILAN,5811576814213465,03/01/1983
SIT CORPO SCREEN SEPULUH,0870502978325152,03/09/1997
SIT CORPO SCREEN SEBELAS,2387078443130612,25/05/1998
SIT CORPO SCREEN DUABELAS,1091919282278944,21/04/1981
SIT CORPO SCREEN TIGABELAS,4572752647379553,22/08/1984
SIT CORPO SCREEN EMPATBELAS,4475035783691455,21/11/1993
SIT CORPO SCREEN LIMABELAS,0522627820966283,05/01/1988
SIT CORPO SCREEN ENAMBELAS,9200257798892239,14/10/1981
SIT CORPO SCREEN TUJUHBELAS,1051576402169968,27/05/1993
SIT CORPO SCREEN DELAPANBELAS,4191063315750421,25/08/1983
SIT CORPO SCREEN SEMBILANBELAS,2160307169949879,19/11/1989
SIT CORPO SCREEN DUAPULUH,8347338277688666,12/04/1992
SIT CORPO SCREEN SATU,1090465524669611,21/05/1987
SIT CORPO SCREEN DUA,5863620874280883,09/07/1999
SIT CORPO SCREEN TIGA,2219904071218196,09/01/1985
SIT CORPO SCREEN EMPAT,8095678308140833,13/09/1996
SIT CORPO SCREEN LIMA,3325815381828834,30/09/1985
SIT CORPO SCREEN ENAM,1753676388673739,18/07/1989
SIT CORPO SCREEN TUJUH,7622923428118326,06/02/1997
SIT CORPO SCREEN DELAPAN,1319232141343013,14/01/1994
SIT CORPO SCREEN SEMBILAN,8018081744601391,24/03/1995
SIT CORPO SCREEN SEPULUH,0372078542978702,23/09/1992
SIT CORPO SCREEN SEBELAS,8246652302475317,11/03/1991
SIT CORPO SCREEN DUABELAS,2406422243583320,22/08/1993
SIT CORPO SCREEN TIGABELAS,5847548478221792,27/09/1997
SIT CORPO SCREEN EMPATBELAS,6660046611049255,26/07/1997
SIT CORPO SCREEN LIMABELAS,4445014966492660,19/06/1982
SIT CORPO SCREEN ENAMBELAS,6525308188102171,15/06/1985
SIT CORPO SCREEN TUJUHBELAS,9435648312853197,31/10/1990
SIT CORPO SCREEN DELAPANBELAS,1411294723922624,28/01/1986
SIT CORPO SCREEN SEMBILANBELAS,1301516409500875,14/08/1988
SIT CORPO SCREEN DUAPULUH,1034351814846171,23/09/1992
SIT CORPO SCREEN SATU,7503721936463962,02/11/1986
